alg,clutter_mode,pfa,num_ref,num_guard,cluster_gap,merge_tol,nms_sep,max_peaks,multi_pct,multi_frames,total_peaks,peaks_per_frame,median_tap_sep,sep_pass_pct
OS,mti,0.05,6,2,0,1,1,4,37.464825317113295,8654,28266,1.2236893372007447,3,99.98166651388762
OS,mean,0.005,4,1,1,1,0,6,0.0,0,1,4.32919173990216e-05,0,0.0
CA,max_path,0.05,4,2,0,2,2,6,27.10939867526733,6262,26896,1.164379410364085,19,100.0
CA,mti,0.01,4,1,0,2,2,4,0.26840988787393394,62,2557,0.11069743278929824,9,100.0
OS,mti,0.01,6,1,1,0,1,4,1.8312481059786139,423,4959,0.21468461838174813,2,94.1588785046729
CA,mti,0.02,8,1,1,1,2,4,12.80574916663059,2958,11950,0.5173384129183082,2,100.0
GO,mti,0.05,4,2,1,1,2,6,6.303303173297546,1456,8835,0.38248409022035584,2,100.0
CA,mti,0.01,4,1,1,2,0,6,0.26840988787393394,62,2557,0.11069743278929824,9,100.0
CA,mti,0.01,8,2,0,2,2,4,1.5541798346248756,359,7205,0.31191826485995067,3,100.0
OS,max_path,0.01,6,2,0,0,1,6,0.4675527079094333,108,11252,0.48712065457379106,24,100.0
GO,mean,0.02,4,2,0,0,0,4,3.0131174509719036,696,3811,0.16498549720767133,2,57.87965616045845
OS,max_path,0.05,4,1,1,0,2,6,0.01731676695960864,4,1828,0.0791376250054115,34,100.0
CA,mti,0.01,6,2,0,2,1,6,1.5801549850642884,365,7688,0.33282826096367807,3,100.0
CA,mti,0.005,8,1,0,2,2,6,0.3679812978916836,85,3717,0.1609160569721633,3,100.0
CA,mean,0.02,4,1,1,1,0,6,16.6327546647041,3842,15084,0.6530152820468419,2,100.0
CA,mti,0.01,6,1,1,2,0,6,1.0563227845361272,244,6373,0.27589938958396465,10,100.0
GO,mean,0.02,6,2,0,1,1,6,10.30347634096714,2380,9063,0.3923546473873328,2,100.0
OS,max_path,0.01,8,2,0,2,2,6,9.307762240789645,2150,20741,0.897917658773107,4,100.0
CA,max_path,0.05,8,2,1,2,1,4,12.312221308281744,2844,19540,0.8459240659768821,33,100.0
GO,mti,0.005,6,2,0,0,0,6,0.025975150439412963,6,402,0.017403350794406684,2,66.66666666666667
OS,max_path,0.01,6,2,0,1,1,6,0.4675527079094333,108,11252,0.48712065457379106,24,100.0
GO,max_path,0.05,8,2,1,0,1,4,1.1429066193341704,264,7840,0.33940863240832936,33,100.0
CA,max_path,0.005,6,1,0,1,1,4,0.05195030087882593,12,5178,0.22416554829213386,34,100.0
GO,mti,0.005,8,1,0,0,0,6,0.030304342179315123,7,325,0.01406987315468202,2,100.0
CA,max_path,0.05,4,2,0,2,2,4,27.10939867526733,6262,26893,1.164249534611888,19,100.0
OS,mti,0.005,4,2,0,2,0,6,0.0,0,9,0.00038962725659119445,0,0.0
OS,mti,0.01,4,2,0,2,2,4,0.0,0,75,0.0032468938049266204,0,0.0
CA,mean,0.01,6,1,0,2,2,6,1.9308195159963635,446,9864,0.4270314732239491,3,100.0
GO,mti,0.02,8,2,1,0,2,4,5.212346854842201,1204,5365,0.2322611368457509,2,100.0
GO,max_path,0.005,6,1,1,1,2,6,0.0,0,190,0.008225464305814105,0,0.0
OS,mti,0.01,4,1,0,2,0,6,0.0,0,8,0.0003463353391921728,0,0.0
GO,mean,0.05,8,2,0,2,0,6,6.5543962942118705,1514,14966,0.6479068357937573,20,99.81000633312223
CA,max_path,0.005,4,1,1,0,0,6,0.0,0,747,0.032339062297069135,0,0.0
OS,max_path,0.01,4,1,1,1,0,6,0.0,0,4,0.0001731676695960864,0,0.0
OS,mti,0.02,8,2,1,0,0,4,33.02307459197368,7628,25412,1.1001342049439369,3,87.66248072262613
GO,mean,0.005,6,2,0,0,0,4,2.320446772587558,536,2470,0.10693103597558336,2,56.343283582089555
OS,max_path,0.02,4,2,0,2,1,4,0.0,0,936,0.04052123468548422,0,0.0
OS,mti,0.02,6,2,0,0,0,4,12.554656045716264,2900,12897,0.5583358586951817,2,89.85849056603773
CA,mean,0.02,6,2,1,2,2,4,7.190787479977488,1661,16405,0.7102039049309494,3,100.0
OS,max_path,0.02,6,1,0,0,0,4,1.1818693449932898,273,10778,0.46660028572665485,17,100.0
CA,mean,0.02,4,2,1,0,2,6,31.44724879864929,7264,24441,1.058097753149487,2,100.0
OS,mti,0.02,8,2,0,2,1,6,21.065847006363914,4866,22032,0.953807524135244,9,98.68374868374869
CA,mti,0.05,6,1,0,1,1,4,44.564699770552835,10294,32764,1.4184163816615438,12,100.0
GO,max_path,0.01,8,2,1,0,2,6,0.00432919173990216,1,988,0.04277241439023334,36,100.0
OS,max_path,0.01,6,2,1,2,1,6,0.36365210615178145,84,11225,0.48595177280401747,29,100.0
OS,mean,0.02,8,1,1,1,0,6,50.74245638339322,11721,35785,1.549201264123988,3,100.0
CA,mti,0.05,4,1,0,2,1,4,36.19204294558206,8360,29467,1.2756829299969696,19,100.0
CA,mti,0.05,6,1,1,2,0,4,33.41270184856487,7718,28367,1.2280618208580458,21,100.0
CA,mean,0.01,4,2,0,0,0,4,22.239057967877397,5137,16681,0.7221524741330794,2,80.61128820551285
CA,mti,0.005,6,2,1,1,1,6,3.9828564007099874,920,6161,0.26672150309537207,2,100.0
CA,mti,0.005,8,1,0,2,0,4,0.3679812978916836,85,3717,0.1609160569721633,3,100.0
OS,mti,0.02,8,2,0,0,1,6,34.811030780553274,8041,26344,1.140482271959825,3,88.0919080919081
CA,mean,0.05,8,1,1,2,0,4,27.89298238018962,6443,27527,1.1916966102428677,26,99.97315436241611
OS,mean,0.02,6,2,1,2,2,6,7.7102904887657475,1781,17531,0.7589506039222477,3,100.0
GO,mti,0.05,8,2,1,0,0,6,16.779947183860774,3876,14078,0.6094636131434261,2,89.26073926073926
GO,max_path,0.05,6,1,1,0,2,6,1.2035153036928006,278,8374,0.3625265162994069,33,100.0
GO,mean,0.005,8,1,0,1,1,4,0.05627949261872808,13,1687,0.07303346465214944,2,100.0
OS,mti,0.05,6,2,0,0,1,6,40.819948915537466,9429,29465,1.2755963461621715,3,90.0396432111001
CA,mean,0.05,4,2,0,2,0,6,52.270661067578686,12074,37982,1.6443136066496384,17,99.99375312343828
OS,mti,0.005,8,1,0,1,2,6,6.576042252911382,1519,9965,0.4314039568812503,2,100.0
GO,mti,0.05,8,2,0,2,2,4,4.5240053681977574,1045,11153,0.48283475475128795,3,100.0
OS,max_path,0.02,4,1,1,0,2,6,0.0,0,31,0.0013420494393696697,0,0.0
GO,max_path,0.05,8,2,1,0,0,6,1.1429066193341704,264,7840,0.33940863240832936,33,100.0
CA,max_path,0.005,4,1,1,2,1,4,0.0,0,747,0.032339062297069135,0,0.0
CA,mean,0.05,4,1,0,0,2,6,56.543573314862115,13061,39567,1.7129312957270877,8,100.0
GO,max_path,0.05,4,2,0,1,2,4,0.8138880471016061,188,7090,0.30693969435906315,30,100.0
GO,max_path,0.01,6,1,1,2,2,4,0.0,0,810,0.035066453093207495,0,0.0
OS,mean,0.005,4,1,1,2,1,6,0.0,0,1,4.32919173990216e-05,0,0.0
CA,mti,0.005,4,2,1,1,2,4,1.4286332741677128,330,3937,0.17044027879994805,2,100.0
OS,max_path,0.01,4,2,0,0,0,4,0.0,0,115,0.004978570500887484,0,0.0
OS,mti,0.05,6,2,0,0,0,6,40.819948915537466,9429,29465,1.2755963461621715,3,90.0396432111001
OS,max_path,0.005,4,2,0,1,2,4,0.0,0,8,0.0003463353391921728,0,0.0
CA,mean,0.01,8,1,0,1,1,4,14.117494263820944,3261,13825,0.5985107580414737,2,100.0
CA,mean,0.02,8,1,1,2,2,6,4.610589202995801,1065,14969,0.6480367115459543,3,100.0
CA,mti,0.01,6,1,1,0,2,6,4.22962032988441,977,7118,0.3081518680462358,2,100.0
CA,max_path,0.02,6,1,1,1,2,6,1.757651846400277,406,12301,0.5325338759253647,18,100.0
OS,mti,0.02,8,1,0,1,0,6,28.343218321139442,6547,23461,1.0156716740984457,3,99.81891087828224
CA,mean,0.01,6,2,1,1,1,6,24.87120654573791,5745,17568,0.7605524048660115,2,100.0
GO,mti,0.005,8,2,1,0,2,6,0.2857266548335426,66,740,0.03203601887527598,2,100.0
CA,mti,0.005,6,2,1,1,0,6,3.9828564007099874,920,6161,0.26672150309537207,2,100.0
CA,mean,0.01,4,1,0,2,2,6,0.5887700766266938,136,5554,0.24044330923416599,3,100.0
GO,max_path,0.01,8,1,0,2,2,6,0.0,0,841,0.036408502532577165,0,0.0
OS,mti,0.005,8,1,1,0,0,4,7.537122819169661,1741,10183,0.44084159487423696,2,84.68981217985203
OS,mti,0.05,4,2,1,0,1,4,2.7663535217974804,639,4891,0.21174076799861466,2,90.78341013824885
OS,max_path,0.01,8,2,1,1,1,6,5.524048660115157,1276,19796,0.8570067968310316,11,100.0
CA,mti,0.005,8,1,0,2,2,4,0.3679812978916836,85,3717,0.1609160569721633,3,100.0
CA,mti,0.05,4,1,0,0,1,4,45.352612667215034,10476,34073,1.4750855015368631,11,91.5675389902194
CA,mti,0.02,6,1,1,1,0,6,12.481059786137928,2883,13740,0.5948309450625568,2,100.0
CA,max_path,0.005,4,1,0,2,2,6,0.0,0,747,0.032339062297069135,0,0.0
OS,max_path,0.05,6,1,0,1,2,4,17.186891207411577,3970,22473,0.9728992597082124,17,100.0
CA,mti,0.01,4,2,0,2,2,6,2.030390926014113,469,7449,0.3224814927053119,9,100.0
OS,mti,0.005,4,2,1,1,2,4,0.0,0,9,0.00038962725659119445,0,0.0
GO,mti,0.05,4,1,1,2,2,6,1.1255898523745618,260,4902,0.2122169790900039,12,100.0
CA,mean,0.005,4,1,1,0,0,4,0.9827265249577903,227,1775,0.07684315338326335,2,51.31578947368421
CA,max_path,0.01,8,2,0,2,2,6,0.216459586995108,50,7347,0.3180657171306117,33,100.0
OS,max_path,0.02,4,2,1,0,1,4,0.0,0,936,0.04052123468548422,0,0.0
GO,mean,0.005,8,1,1,1,1,4,0.05627949261872808,13,1687,0.07303346465214944,2,100.0
CA,max_path,0.05,6,1,0,1,1,6,19.650201307415905,4539,23655,1.024070306073856,20,100.0
GO,mti,0.05,6,2,0,2,0,4,3.679812978916836,850,10184,0.440884886791636,3,100.0
CA,max_path,0.02,8,1,1,0,1,4,0.9654097579981817,223,10854,0.4698904714489805,33,100.0
OS,mean,0.005,4,1,0,0,0,4,0.0,0,1,4.32919173990216e-05,0,0.0
GO,mean,0.05,6,2,0,2,1,6,5.857396424087622,1353,13413,0.5806744880730768,11,100.0
CA,mean,0.02,4,2,0,2,2,4,13.169401272782371,3042,19429,0.8411186631455907,12,100.0
GO,max_path,0.005,6,1,1,1,0,4,0.0,0,190,0.008225464305814105,0,0.0
OS,mti,0.005,4,2,1,1,2,6,0.0,0,9,0.00038962725659119445,0,0.0
GO,max_path,0.005,6,1,1,2,0,4,0.0,0,190,0.008225464305814105,0,0.0
CA,mti,0.005,6,1,0,0,1,4,1.1299190441144638,261,3118,0.13498419845014936,2,95.40229885057471
CA,mean,0.005,8,2,0,2,2,4,1.9351487077362657,447,10215,0.4422269362310057,3,100.0
CA,max_path,0.05,8,2,0,2,0,4,13.24732672410061,3060,19837,0.8587817654443916,31,100.0
CA,mean,0.02,8,1,1,0,1,6,30.070565825360404,6946,21025,0.9102125633144292,2,74.00196105897184
GO,mti,0.01,6,1,0,0,0,6,0.0432919173990216,10,406,0.01757651846400277,2,70.0
GO,mean,0.01,6,2,1,1,0,6,4.575955669076583,1057,5081,0.21996623230442877,2,100.0
GO,max_path,0.01,4,2,1,1,1,4,0.0,0,286,0.012381488376120178,0,0.0
CA,mean,0.05,4,2,0,1,2,4,68.06788172648167,15723,46316,2.0051084462530846,10,100.0
CA,mti,0.01,6,1,1,0,0,6,4.502359409498247,1040,7182,0.31092255075977315,2,93.9221272554606
OS,max_path,0.01,8,1,0,1,0,6,4.5716264773366815,1056,20081,0.8693449932897528,6,100.0
OS,max_path,0.02,4,1,0,0,0,4,0.0,0,31,0.0013420494393696697,0,0.0
OS,mti,0.02,6,2,1,2,0,6,3.1689683536083812,732,10675,0.4621412182345556,3,100.0
GO,mean,0.02,4,1,1,0,0,4,0.5541365427074765,128,1214,0.05255638772241222,1,25.78125
OS,mti,0.02,6,1,0,1,0,4,7.545781202649465,1743,10815,0.4682020866704186,2,100.0
GO,mean,0.05,4,2,0,2,2,6,4.121390536386857,952,11593,0.5018831984068575,14,100.0
CA,max_path,0.02,4,1,1,2,0,4,0.567124117927183,131,8345,0.3612710506948353,25,100.0
GO,mti,0.01,8,2,0,0,1,4,1.7619810381401793,407,2317,0.10030737261353305,2,92.87469287469287
GO,max_path,0.05,8,2,1,2,1,4,1.1429066193341704,264,7840,0.33940863240832936,33,100.0
GO,mean,0.05,6,2,1,1,2,6,24.20884020953288,5592,17971,0.7779990475778172,2,100.0
OS,mean,0.005,4,2,1,2,1,4,0.0,0,51,0.0022078877873501017,0,0.0
GO,mean,0.005,8,2,0,2,1,4,0.09091302653794536,21,2573,0.11139010346768258,3,100.0
GO,mean,0.05,6,2,1,0,0,4,29.966665223602753,6922,19377,0.8388674834408416,2,80.8863512778684
CA,mti,0.02,4,2,0,0,0,4,16.19550629897398,3741,16824,0.7283432183211395,3,92.6726162517614
GO,mean,0.005,4,2,0,1,0,4,0.0,0,159,0.0068834148664444345,0,0.0
GO,mti,0.01,4,1,0,1,0,6,0.0,0,19,0.0008225464305814104,0,0.0
CA,max_path,0.05,4,1,0,2,0,4,16.65440062340361,3847,21451,0.9286549201264124,19,100.0
OS,mean,0.01,4,1,0,2,0,4,0.0,0,28,0.0012121736871726048,0,0.0
GO,max_path,0.01,6,2,0,2,2,4,0.0,0,2913,0.12610935538334994,0,0.0
CA,mti,0.05,8,2,0,0,1,4,41.58188666176025,9605,29521,1.2780206935365168,3,90.65200973399345
GO,mti,0.05,4,2,1,0,2,6,6.303303173297546,1456,8835,0.38248409022035584,2,100.0
GO,max_path,0.05,8,1,1,1,1,4,1.3160742889302568,304,8376,0.36261310013420495,35,100.0
GO,mti,0.005,6,1,1,1,2,4,0.0,0,43,0.001861552448157929,0,0.0
OS,mean,0.05,4,1,1,0,1,6,3.298844105805446,762,4061,0.17580847655742673,2,50.98039215686274
OS,mean,0.01,6,1,0,2,1,4,1.8442356811983203,426,9442,0.40876228408156196,3,100.0
OS,mti,0.005,8,1,0,1,1,4,6.576042252911382,1519,9965,0.4314039568812503,2,100.0
CA,max_path,0.05,6,1,1,0,2,6,19.650201307415905,4539,23654,1.024027014156457,20,100.0
OS,max_path,0.05,4,2,1,1,2,4,0.19914282003549938,46,5392,0.23343001861552448,34,100.0
CA,max_path,0.01,6,2,0,2,1,4,0.43724836573011816,101,10835,0.46906792501839906,34,100.0
OS,mean,0.02,8,1,0,2,1,6,32.581497034503656,7526,30513,1.320966275596346,6,98.57614762501424
GO,mean,0.01,8,2,0,1,2,6,1.731676695960864,400,5151,0.22299666652236028,2,100.0
CA,max_path,0.05,4,1,0,2,2,6,16.65440062340361,3847,21451,0.9286549201264124,19,100.0
CA,max_path,0.005,8,1,1,0,1,6,0.0432919173990216,10,4423,0.19148015065587254,34,100.0
CA,mean,0.005,4,2,0,1,0,6,9.818606866098099,2268,10121,0.43815749599549764,2,100.0
CA,mean,0.02,8,1,1,0,0,6,30.070565825360404,6946,21025,0.9102125633144292,2,74.00196105897184
OS,mti,0.02,4,1,0,1,2,6,0.0,0,69,0.0029871423005324907,0,0.0
CA,mti,0.01,8,1,0,0,1,4,7.350967574353868,1698,7526,0.3258149703450366,2,90.0117508813161
GO,max_path,0.02,4,2,1,2,1,4,0.01731676695960864,4,1570,0.06796831031646391,34,100.0
GO,mti,0.005,4,2,0,1,2,6,0.0,0,42,0.0018182605307589072,0,0.0
GO,max_path,0.01,8,2,1,2,2,4,0.00432919173990216,1,988,0.04277241439023334,36,100.0
GO,mean,0.005,8,2,1,0,0,6,0.3679812978916836,85,2637,0.11416078618121997,2,94.11764705882354
CA,mean,0.01,8,1,1,1,1,4,14.117494263820944,3261,13825,0.5985107580414737,2,100.0
CA,mti,0.01,4,1,1,0,2,4,0.9827265249577903,227,2728,0.11810035066453094,2,100.0
CA,max_path,0.05,6,1,0,0,1,6,19.650201307415905,4539,23655,1.024070306073856,20,100.0
CA,mti,0.005,8,1,0,1,2,4,2.787999480496991,644,4276,0.18511623879821637,2,100.0
GO,mean,0.05,8,2,0,0,2,4,18.386077319364475,4247,17857,0.7730637689943287,2,100.0
GO,mti,0.05,8,1,0,1,2,6,13.312264600199143,3075,12155,0.5262132559851076,2,100.0
CA,max_path,0.005,6,2,0,2,0,4,0.11688817697735833,27,8565,0.37079527252262,34,100.0
OS,mean,0.02,4,1,1,0,1,4,0.00432919173990216,1,182,0.007879128966621931,2,100.0
GO,max_path,0.01,6,1,0,1,0,4,0.0,0,810,0.035066453093207495,0,0.0
GO,mean,0.005,4,1,0,2,1,6,0.0,0,5,0.00021645958699510802,0,0.0
GO,mti,0.01,8,1,1,0,2,4,0.5714533096670852,132,1324,0.0573184986363046,2,100.0
OS,max_path,0.05,6,2,1,0,0,4,16.0309970128577,3703,22821,0.987964846963072,25,100.0
CA,mti,0.01,6,2,0,2,0,6,1.5801549850642884,365,7688,0.33282826096367807,3,100.0
OS,mean,0.05,4,1,0,2,0,4,0.216459586995108,50,3346,0.1448547556171263,11,100.0
CA,max_path,0.02,4,1,1,0,1,6,0.567124117927183,131,8345,0.3612710506948353,25,100.0
OS,max_path,0.02,8,1,1,2,2,6,12.775444824451275,2951,24161,1.045976016277761,13,100.0
CA,max_path,0.02,4,1,1,0,0,6,0.567124117927183,131,8345,0.3612710506948353,25,100.0
CA,mean,0.01,8,2,0,1,2,4,16.121910039395644,3724,15947,0.6903762067621975,2,100.0
GO,max_path,0.02,8,1,0,0,1,4,0.06493787609853241,15,2644,0.11446382960301311,34,100.0
OS,mean,0.01,6,2,0,0,2,4,22.615697649248887,5224,18039,0.7809428979609507,2,100.0
CA,max_path,0.005,8,1,1,1,0,4,0.0432919173990216,10,4423,0.19148015065587254,34,100.0
OS,max_path,0.01,8,2,1,2,1,4,5.524048660115157,1276,19796,0.8570067968310316,11,100.0
CA,mti,0.05,4,2,1,0,2,6,52.608338023291054,12152,38476,1.6656998138447552,13,100.0
GO,mean,0.01,8,1,1,2,1,6,0.19914282003549938,46,3486,0.1509156240529893,3,100.0
OS,max_path,0.005,6,2,0,2,0,4,0.10390060175765185,24,8623,0.37330620373176326,27,100.0
GO,mean,0.02,6,1,0,1,0,6,5.104117061344647,1179,5428,0.23498852764188927,2,100.0
GO,mean,0.005,8,1,0,2,2,6,0.0,0,1674,0.07247066972596217,0,0.0
GO,mti,0.01,8,2,1,2,2,6,0.26840988787393394,62,1972,0.0853716611108706,3,100.0
OS,max_path,0.02,6,1,0,2,2,6,1.1818693449932898,273,10778,0.46660028572665485,17,100.0
CA,mti,0.05,4,1,1,0,1,6,45.352612667215034,10476,34076,1.4752153772890602,11,91.56921043937892
CA,max_path,0.05,4,1,1,0,0,6,16.65440062340361,3847,21451,0.9286549201264124,19,100.0
GO,mti,0.01,6,1,1,0,0,6,0.0432919173990216,10,406,0.01757651846400277,2,70.0
GO,mti,0.02,8,2,1,1,0,4,5.212346854842201,1204,5365,0.2322611368457509,2,100.0
CA,mean,0.05,6,1,0,2,1,6,36.49508636737521,8430,30779,1.332481925624486,19,100.0
CA,mti,0.01,8,2,0,0,2,6,8.97874366855708,2074,8922,0.3862504870340707,2,100.0
OS,mean,0.005,8,1,1,2,1,6,7.329321615654357,1693,19451,0.8420710853283692,3,99.94124559341951
OS,mti,0.02,6,1,0,1,1,6,7.545781202649465,1743,10815,0.4682020866704186,2,100.0
GO,mean,0.02,8,1,1,2,2,4,0.7922420884020953,183,6482,0.28061820858045805,3,100.0
GO,max_path,0.005,8,2,0,0,2,6,0.0,0,347,0.015022295337460497,0,0.0
GO,mti,0.005,8,2,0,1,1,4,0.2857266548335426,66,740,0.03203601887527598,2,100.0
GO,mti,0.005,8,1,0,2,2,6,0.00432919173990216,1,319,0.013810121650287891,3,100.0
CA,max_path,0.02,6,1,1,2,0,4,1.757651846400277,406,12301,0.5325338759253647,18,100.0
CA,mean,0.05,8,2,0,0,2,4,52.4957790380536,12126,36231,1.5685094592839517,3,100.0
GO,max_path,0.02,4,2,0,1,2,6,0.01731676695960864,4,1570,0.06796831031646391,34,100.0
OS,mean,0.05,4,1,1,0,2,4,1.675397203342136,387,3686,0.15957400753279363,2,100.0
OS,mean,0.005,8,1,0,2,1,4,8.17784319667518,1889,19660,0.8511190960647647,3,98.9534275248561
GO,max_path,0.01,6,1,1,1,1,4,0.0,0,810,0.035066453093207495,0,0.0
GO,max_path,0.02,6,1,1,0,1,6,0.030304342179315123,7,2834,0.12268929390882723,37,100.0
OS,max_path,0.05,8,1,1,0,2,6,57.09338066582969,13188,41735,1.8067881726481665,18,100.0
OS,max_path,0.05,4,2,1,2,0,4,0.19914282003549938,46,5392,0.23343001861552448,34,100.0
OS,mti,0.01,4,2,0,2,1,4,0.0,0,75,0.0032468938049266204,0,0.0
OS,mean,0.05,4,2,1,2,0,4,1.3117450971903546,303,8061,0.34897614615351313,9,100.0
GO,mean,0.01,4,1,1,0,1,4,0.012987575219706482,3,55,0.0023810554569461883,2,100.0
GO,mti,0.005,4,1,1,0,1,4,0.0,0,3,0.0001298757521970648,0,0.0
CA,max_path,0.005,8,1,1,2,0,4,0.0432919173990216,10,4423,0.19148015065587254,34,100.0
OS,mti,0.05,4,2,1,1,1,4,2.515260400883155,581,4831,0.20914325295467337,2,100.0
CA,max_path,0.05,6,2,1,2,1,6,16.10892246417594,3721,22470,0.9727693839560154,31,100.0
CA,max_path,0.005,8,2,1,0,0,4,0.07359625957833672,17,5233,0.22654660374908003,34,100.0
OS,max_path,0.005,4,2,0,0,2,4,0.0,0,8,0.0003463353391921728,0,0.0
OS,mti,0.01,4,1,1,2,2,4,0.0,0,8,0.0003463353391921728,0,0.0
GO,mti,0.02,4,1,1,0,0,6,0.030304342179315123,7,334,0.014459500411273215,2,57.142857142857146
CA,mean,0.01,6,2,0,0,0,4,30.854149530282697,7127,18961,0.8208580458028486,2,80.65591995553085
CA,max_path,0.01,6,1,0,1,0,6,0.17749686133598858,41,8128,0.3518767046192476,34,100.0
GO,mti,0.005,4,1,0,1,1,4,0.0,0,3,0.0001298757521970648,0,0.0
OS,mean,0.05,4,1,1,0,1,4,3.298844105805446,762,4061,0.17580847655742673,2,50.98039215686274
GO,mean,0.005,4,2,1,1,2,6,0.0,0,159,0.0068834148664444345,0,0.0
OS,max_path,0.01,4,2,1,1,2,6,0.0,0,115,0.004978570500887484,0,0.0
CA,mean,0.005,8,2,1,1,1,6,11.2255941815663,2593,12367,0.5353911424737001,2,100.0
GO,max_path,0.05,4,2,1,0,2,6,0.8138880471016061,188,7090,0.30693969435906315,30,100.0
CA,mean,0.005,8,1,1,0,1,6,10.56322784536127,2440,10201,0.44162084938741936,2,79.00326797385621
GO,max_path,0.01,4,2,0,1,1,6,0.0,0,286,0.012381488376120178,0,0.0
OS,mti,0.01,4,2,0,0,0,4,0.00865838347980432,2,77,0.0033334776397246635,1,50.0
OS,mean,0.01,8,1,0,0,2,4,34.62487553573748,7998,28423,1.230486168232391,2,100.0
GO,mti,0.01,6,1,1,2,1,6,0.0,0,396,0.017143599290012555,0,0.0
OS,mean,0.005,4,2,0,0,2,4,0.0,0,51,0.0022078877873501017,0,0.0
OS,mean,0.05,6,1,0,1,0,6,57.25788995194597,13226,38373,1.661240746352656,3,99.96659056740353
GO,mti,0.02,8,2,1,2,2,4,0.8701675397203342,201,4360,0.1887527598597342,3,100.0
CA,mti,0.02,4,2,0,1,2,4,15.0309537209403,3472,16512,0.7148361400926447,3,100.0
GO,mean,0.05,8,1,1,1,0,4,17.126282523052947,3956,16202,0.701415645698948,2,100.0
CA,mti,0.01,4,1,1,1,0,6,0.9827265249577903,227,2728,0.11810035066453094,2,100.0
OS,max_path,0.02,8,2,0,0,2,4,22.923070262781938,5295,26629,1.1528204684185464,7,100.0
CA,max_path,0.01,6,1,0,0,1,4,0.17749686133598858,41,8128,0.3518767046192476,34,100.0
OS,mean,0.02,8,1,0,0,1,6,64.06770855881207,14799,40934,1.7721113468115504,2,78.21354166666667
CA,max_path,0.02,4,1,1,1,1,4,0.567124117927183,131,8345,0.3612710506948353,25,100.0
GO,mti,0.02,4,1,1,1,0,6,0.01731676695960864,4,331,0.01432962465907615,2,100.0
GO,max_path,0.02,6,2,0,0,1,6,0.11688817697735833,27,5104,0.22096194640460626,34,100.0
CA,max_path,0.02,8,2,1,1,1,6,1.0346768258366164,239,10488,0.4540456296809386,32,100.0
OS,mti,0.005,6,2,0,0,1,6,1.6797263950820382,388,4937,0.21373219619896966,2,91.25964010282776
CA,mean,0.005,6,1,1,1,0,4,7.6626693796268235,1770,7955,0.34438720290921687,2,100.0
GO,mean,0.005,4,1,1,2,0,4,0.0,0,5,0.00021645958699510802,0,0.0
GO,mean,0.02,4,2,0,0,2,6,1.7403350794406685,402,3517,0.15225767349235897,2,100.0
OS,max_path,0.05,8,1,0,2,2,6,61.08489545001948,14110,44120,1.9100393956448332,14,100.0
OS,mti,0.02,4,2,0,2,1,6,0.012987575219706482,3,558,0.024156889908654056,3,100.0
CA,max_path,0.05,4,2,1,0,0,4,27.09208190830772,6258,26886,1.1639464911900947,19,100.0
CA,mean,0.05,6,2,1,2,1,6,33.34343478072644,7702,29622,1.282393177193818,24,100.0
CA,mti,0.05,6,2,1,2,1,6,26.763063336075156,6182,25451,1.101822589722499,24,100.0
OS,max_path,0.01,4,1,1,1,2,6,0.0,0,4,0.0001731676695960864,0,0.0
GO,mean,0.01,8,2,1,1,1,6,1.731676695960864,400,5151,0.22299666652236028,2,100.0
CA,mti,0.01,4,1,0,2,1,6,0.26840988787393394,62,2557,0.11069743278929824,9,100.0
OS,mean,0.02,4,2,1,1,1,6,0.25542231265422743,59,1953,0.0845491146802892,2,100.0
CA,mti,0.05,8,2,0,1,0,6,38.170483570717344,8817,28418,1.230269708645396,3,100.0
GO,mti,0.005,6,1,0,2,2,6,0.0,0,43,0.001861552448157929,0,0.0
CA,mti,0.02,8,1,1,1,0,4,12.80574916663059,2958,11950,0.5173384129183082,2,100.0
GO,mean,0.05,8,2,1,0,0,4,21.165418416381662,4889,18542,0.8027187324126586,2,85.58680892337536
OS,mti,0.02,8,1,0,2,2,6,17.100307372613532,3950,20245,0.8764448677431923,12,100.0
OS,mti,0.01,8,1,0,2,0,4,5.2296636218018095,1208,12620,0.5463439975756527,3,98.79129734085414
OS,mti,0.01,4,2,1,2,0,6,0.0,0,75,0.0032468938049266204,0,0.0
GO,mean,0.05,4,2,1,2,1,4,4.121390536386857,952,11593,0.5018831984068575,14,100.0
CA,max_path,0.005,6,1,0,0,1,4,0.05195030087882593,12,5178,0.22416554829213386,34,100.0
OS,mti,0.01,4,1,1,2,0,4,0.0,0,8,0.0003463353391921728,0,0.0
OS,max_path,0.02,4,2,1,0,2,4,0.0,0,936,0.04052123468548422,0,0.0
OS,mean,0.005,4,2,1,0,1,6,0.0,0,51,0.0022078877873501017,0,0.0
OS,mean,0.01,6,1,0,0,2,6,9.169228105112776,2118,11151,0.4827481709164899,2,100.0
CA,max_path,0.05,6,1,1,2,2,4,19.650201307415905,4539,23654,1.024027014156457,20,100.0
GO,max_path,0.01,6,2,1,0,2,6,0.0,0,2913,0.12610935538334994,0,0.0
GO,mean,0.01,6,1,0,1,0,6,0.7056582536040521,163,1945,0.08420277934109702,2,100.0
CA,mti,0.005,8,1,1,0,2,6,2.787999480496991,644,4276,0.18511623879821637,2,100.0
GO,max_path,0.05,4,2,0,0,0,6,0.8138880471016061,188,7090,0.30693969435906315,30,100.0
CA,mti,0.01,4,1,0,1,0,6,0.9827265249577903,227,2728,0.11810035066453094,2,100.0
OS,mti,0.05,4,2,0,0,2,4,2.519589592623057,582,4832,0.2091865448720724,2,100.0
GO,mti,0.005,6,2,0,1,0,4,0.01731676695960864,4,400,0.01731676695960864,2,100.0
OS,mean,0.02,8,2,1,1,0,6,51.902679769687,11989,36971,1.6005454781592277,3,100.0
CA,mean,0.02,4,2,0,2,1,6,13.169401272782371,3042,19429,0.8411186631455907,12,100.0
OS,mti,0.02,4,1,1,1,2,4,0.0,0,69,0.0029871423005324907,0,0.0
GO,max_path,0.005,8,2,1,0,1,4,0.0,0,347,0.015022295337460497,0,0.0
CA,max_path,0.05,6,1,0,2,1,4,19.650201307415905,4539,23655,1.024070306073856,20,100.0
CA,mti,0.01,6,1,0,0,1,6,4.502359409498247,1040,7182,0.31092255075977315,2,93.9221272554606
OS,mti,0.02,8,1,1,0,0,6,30.784882462444262,7111,24076,1.042296203298844,2,86.95183321351546
GO,mti,0.005,8,1,1,0,1,4,0.030304342179315123,7,325,0.01406987315468202,2,100.0
GO,mean,0.01,6,2,0,2,2,6,0.21213039525520586,49,4073,0.176327979566215,3,100.0
OS,mean,0.01,6,2,1,0,2,6,22.459846746612406,5188,17990,0.7788215940083987,2,100.0
GO,mti,0.05,4,1,1,1,1,6,2.8183038226763064,651,5323,0.230442876314992,2,100.0
GO,mti,0.05,8,1,0,2,1,6,3.675483787176934,849,9840,0.42599246720637257,3,100.0
GO,max_path,0.05,6,1,1,0,2,4,1.2035153036928006,278,8374,0.3625265162994069,33,100.0
CA,mean,0.05,6,2,0,1,2,6,59.68223732629118,13786,38907,1.6843586302437334,2,100.0
GO,mti,0.005,8,2,0,2,2,6,0.06493787609853241,15,689,0.029828131087925883,3,100.0
CA,mti,0.01,8,2,1,2,1,6,1.5498506428849734,358,7204,0.3118749729425516,3,100.0
OS,max_path,0.005,8,1,1,2,0,6,0.8225464305814104,190,16609,0.7190354560803498,13,100.0
GO,max_path,0.01,4,1,0,1,0,6,0.0,0,11,0.00047621109138923763,0,0.0
CA,max_path,0.02,4,1,1,1,1,6,0.567124117927183,131,8345,0.3612710506948353,25,100.0
OS,mti,0.005,6,2,1,0,1,4,1.6537512446426252,382,4930,0.2134291527771765,2,91.09947643979058
GO,mti,0.005,4,2,0,1,0,4,0.0,0,42,0.0018182605307589072,0,0.0
CA,mean,0.02,6,1,0,0,2,6,27.77609420321226,6416,20523,0.8884800207801203,2,100.0
CA,mean,0.005,6,2,1,1,2,4,17.909866227975236,4137,13623,0.5897657907268713,2,100.0
CA,mti,0.01,8,2,1,1,0,4,8.974414476817179,2073,8921,0.38620719511667173,2,100.0
CA,mean,0.01,8,2,0,2,0,4,2.991471492272393,691,12897,0.5583358586951817,3,100.0
GO,max_path,0.02,4,2,1,2,2,4,0.01731676695960864,4,1570,0.06796831031646391,34,100.0
OS,max_path,0.01,6,2,0,0,2,6,0.4675527079094333,108,11252,0.48712065457379106,24,100.0
GO,mean,0.005,8,2,0,0,2,4,0.3463353391921728,80,2632,0.11394432659422486,2,100.0
OS,mean,0.05,8,2,1,1,1,4,89.69219446729295,20718,68392,2.9608208147538853,11,100.0
OS,mti,0.02,4,2,1,1,0,4,0.060608684358630247,14,569,0.024633101000043293,2,100.0
CA,mti,0.02,8,1,0,0,2,6,12.80574916663059,2958,11950,0.5173384129183082,2,100.0
GO,mti,0.01,4,1,1,1,1,4,0.0,0,19,0.0008225464305814104,0,0.0
GO,mti,0.05,4,1,0,0,1,6,3.130005627949262,723,5401,0.23381964587211568,2,89.80392156862744
CA,mti,0.02,4,2,1,0,1,6,16.19117710723408,3740,16823,0.7282999264037404,3,92.67089499647639
OS,mean,0.01,4,1,0,2,0,6,0.0,0,28,0.0012121736871726048,0,0.0
CA,mean,0.01,6,2,0,0,1,4,30.854149530282697,7127,18961,0.8208580458028486,2,80.65591995553085
OS,max_path,0.02,4,2,1,0,0,4,0.0,0,936,0.04052123468548422,0,0.0
CA,max_path,0.01,6,1,1,1,2,6,0.17749686133598858,41,8128,0.3518767046192476,34,100.0
CA,mean,0.02,6,2,0,0,2,4,33.96250919953245,7845,22892,0.9910385730984025,2,100.0
CA,mti,0.02,6,1,1,0,0,6,13.359885709338066,3086,13958,0.6042685830555435,2,93.341478313989
CA,max_path,0.02,8,1,1,0,0,6,0.9654097579981817,223,10854,0.4698904714489805,33,100.0
GO,mti,0.005,6,1,1,0,0,6,0.0,0,43,0.001861552448157929,0,0.0
OS,max_path,0.02,8,1,1,2,1,4,12.775444824451275,2951,24161,1.045976016277761,13,100.0
GO,mti,0.02,6,1,1,1,2,4,0.8225464305814104,190,2150,0.09307762240789645,2,100.0
GO,mean,0.05,8,2,0,2,2,4,6.545737910732067,1512,14963,0.6477769600415603,20,100.0
GO,max_path,0.02,6,1,0,0,1,4,0.030304342179315123,7,2834,0.12268929390882723,37,100.0
GO,mean,0.005,8,1,0,1,0,6,0.05627949261872808,13,1687,0.07303346465214944,2,100.0
GO,mti,0.05,4,2,0,1,0,6,6.307632365037447,1457,8836,0.3825273821377549,2,100.0
OS,mti,0.005,6,1,1,1,0,4,0.25542231265422743,59,2020,0.08744967314602364,2,100.0
OS,max_path,0.005,4,2,0,2,0,4,0.0,0,8,0.0003463353391921728,0,0.0
GO,mean,0.05,4,2,0,0,0,4,19.27789081778432,4453,15294,0.6621065847006364,2,77.10509486250267
CA,max_path,0.01,4,2,1,2,0,6,0.32036018875275984,74,8584,0.37161781895320145,29,100.0
GO,max_path,0.005,8,1,1,0,0,4,0.0,0,232,0.010043724836573013,0,0.0
CA,mean,0.005,8,1,0,1,0,4,8.342352482791464,1927,9687,0.4193688038443223,2,100.0
OS,max_path,0.05,8,2,1,2,1,6,60.15411922594052,13895,42818,1.853673319191307,18,100.0
OS,max_path,0.05,8,1,0,0,2,4,61.08489545001948,14110,43821,1.8970951123425257,14,100.0
CA,mean,0.05,4,2,1,2,1,6,52.26200268409888,12072,37962,1.6434477683016582,17,100.0
CA,max_path,0.05,6,1,1,2,1,6,19.650201307415905,4539,23654,1.024027014156457,20,100.0
GO,mean,0.005,8,1,0,1,0,4,0.05627949261872808,13,1687,0.07303346465214944,2,100.0
OS,max_path,0.005,4,1,0,0,0,6,0.0,0,0,0.0,0,0.0
GO,mean,0.005,4,1,0,0,0,6,0.0,0,5,0.00021645958699510802,0,0.0
OS,max_path,0.005,6,2,1,1,1,4,0.07792545131823889,18,8617,0.37304645222736915,34,100.0
OS,max_path,0.02,4,2,1,1,0,4,0.0,0,936,0.04052123468548422,0,0.0
CA,max_path,0.05,4,1,1,0,0,4,16.65440062340361,3847,21451,0.9286549201264124,19,100.0
OS,mti,0.005,4,2,0,1,1,4,0.0,0,9,0.00038962725659119445,0,0.0
GO,max_path,0.05,8,2,1,2,0,6,1.1429066193341704,264,7840,0.33940863240832936,33,100.0
CA,mean,0.01,6,1,1,0,0,6,20.446772587557902,4723,14182,0.6139659725529244,2,78.76626101552665
OS,max_path,0.01,4,1,0,2,0,6,0.0,0,4,0.0001731676695960864,0,0.0
CA,mean,0.005,4,1,1,2,1,6,0.05195030087882593,12,1559,0.06749209922507468,3,100.0
GO,mti,0.02,4,2,0,2,2,6,0.09524221827784753,22,1366,0.059136759167063506,3,100.0
CA,mean,0.01,6,2,1,2,2,4,3.7187757045759557,859,12626,0.5466037490800467,3,100.0
OS,mean,0.05,8,2,0,1,1,6,91.91739902160266,21232,74783,3.2374994588510324,8,99.85703521956685
OS,mean,0.05,8,2,0,0,1,6,94.83527425429672,21906,81576,3.5315814537425863,5,88.0383919117396
CA,mean,0.02,4,1,0,1,1,4,16.6327546647041,3842,15084,0.6530152820468419,2,100.0
OS,max_path,0.01,8,2,0,1,1,4,9.307762240789645,2150,20741,0.897917658773107,4,100.0
CA,max_path,0.005,8,2,0,2,2,4,0.07359625957833672,17,5233,0.22654660374908003,34,100.0
GO,max_path,0.01,4,1,1,0,0,6,0.0,0,11,0.00047621109138923763,0,0.0
CA,mean,0.05,6,2,0,1,0,6,59.68223732629118,13786,38907,1.6843586302437334,2,100.0
OS,mti,0.005,8,1,1,2,1,4,1.62344690246331,375,8803,0.3810987488635872,3,100.0
GO,mti,0.02,6,2,1,2,2,4,0.48486947486904197,112,3929,0.17009394346075588,3,100.0
OS,max_path,0.01,4,1,0,1,0,6,0.0,0,4,0.0001731676695960864,0,0.0
OS,mean,0.05,8,1,0,2,2,6,83.72656824970778,19340,62325,2.698168751894021,13,100.0
GO,mean,0.005,4,2,0,0,0,4,0.0,0,159,0.0068834148664444345,0,0.0
CA,mean,0.005,4,1,0,2,0,6,0.05195030087882593,12,1559,0.06749209922507468,3,100.0
OS,mti,0.01,8,2,0,2,1,6,6.840122949045413,1580,13675,0.5920169704316204,3,97.90293588975435
GO,mti,0.01,6,2,0,1,1,4,0.49352785834884627,114,1613,0.06982986276462184,2,100.0
OS,mti,0.005,6,2,1,0,2,6,1.5065587254859518,348,4896,0.21195722758560975,2,100.0
OS,max_path,0.05,4,2,1,1,0,6,0.19914282003549938,46,5392,0.23343001861552448,34,100.0
CA,mti,0.01,8,1,0,1,0,4,6.619334170310403,1529,7356,0.3184553443872029,2,100.0
GO,mti,0.005,4,1,1,2,2,6,0.0,0,3,0.0001298757521970648,0,0.0
GO,mti,0.02,8,2,1,0,1,4,5.684228754491537,1313,5475,0.23702324775964329,2,91.64768413059984
GO,mean,0.05,4,2,0,0,1,6,19.27789081778432,4453,15294,0.6621065847006364,2,77.10509486250267
GO,mti,0.005,4,1,0,0,0,6,0.0,0,3,0.0001298757521970648,0,0.0
GO,max_path,0.02,6,2,1,1,2,6,0.11688817697735833,27,5104,0.22096194640460626,34,100.0
CA,mti,0.01,4,1,0,0,0,4,1.0476644010563227,242,2744,0.11879302134291528,2,93.57429718875503
CA,mti,0.005,8,2,1,1,1,4,5.078141910905234,1173,5924,0.256461318671804,2,100.0
OS,mti,0.05,4,1,1,2,0,6,0.0865838347980432,20,1579,0.06835793757305511,6,100.0
CA,max_path,0.05,6,2,0,1,0,4,16.502878912507036,3812,22608,0.9787436685570804,30,100.0
CA,mti,0.02,8,1,0,1,2,4,12.80574916663059,2958,11950,0.5173384129183082,2,100.0
OS,mti,0.02,4,1,0,0,2,6,0.0,0,69,0.0029871423005324907,0,0.0
CA,mean,0.05,8,2,0,2,2,6,31.797913329581366,7345,29372,1.2715701978440626,25,100.0
OS,mti,0.05,6,1,1,0,1,4,39.728992597082126,9177,29804,1.2902723061604398,10,94.66990210024265
CA,mti,0.005,8,2,1,2,2,4,0.8874843066799428,205,4956,0.21455474262955107,3,100.0
GO,mti,0.005,8,1,1,1,1,6,0.030304342179315123,7,325,0.01406987315468202,2,100.0
GO,mti,0.02,6,2,1,0,0,4,3.24689380492662,750,4568,0.19775747867873067,2,86.81757656458056
OS,mean,0.005,4,1,0,0,2,6,0.0,0,1,4.32919173990216e-05,0,0.0
OS,mean,0.05,8,1,0,0,1,4,94.72704446079916,21881,78197,3.3852980648512925,5,87.2832055673354
OS,max_path,0.005,4,2,0,1,2,6,0.0,0,8,0.0003463353391921728,0,0.0
CA,mti,0.01,8,1,1,2,2,6,1.0476644010563227,242,6066,0.26260877094246504,3,100.0
CA,max_path,0.01,6,2,0,1,0,4,0.43724836573011816,101,10835,0.46906792501839906,34,100.0
OS,mti,0.01,4,1,1,0,0,6,0.0,0,8,0.0003463353391921728,0,0.0
CA,mean,0.02,8,2,0,1,2,4,23.992380622537773,5542,20981,0.9083077189488723,2,100.0
CA,mti,0.005,8,1,0,1,1,6,2.787999480496991,644,4276,0.18511623879821637,2,100.0
OS,mean,0.005,4,1,1,1,0,4,0.0,0,1,4.32919173990216e-05,0,0.0
GO,max_path,0.05,4,2,1,0,0,6,0.8138880471016061,188,7090,0.30693969435906315,30,100.0
GO,max_path,0.005,4,2,0,0,1,4,0.0,0,28,0.0012121736871726048,0,0.0
GO,mean,0.01,4,1,0,0,0,6,0.012987575219706482,3,55,0.0023810554569461883,2,100.0
OS,max_path,0.005,4,2,1,0,0,6,0.0,0,8,0.0003463353391921728,0,0.0
GO,mti,0.02,6,1,0,1,1,6,0.8225464305814104,190,2150,0.09307762240789645,2,100.0
GO,max_path,0.05,6,1,1,1,0,6,1.2035153036928006,278,8374,0.3625265162994069,33,100.0
CA,mti,0.02,8,1,0,2,0,6,2.6927572622191436,622,9577,0.4146066929304299,3,100.0
GO,max_path,0.05,4,2,1,1,1,4,0.8138880471016061,188,7090,0.30693969435906315,30,100.0
GO,mti,0.005,4,2,0,1,1,4,0.0,0,42,0.0018182605307589072,0,0.0
GO,mean,0.005,6,2,0,2,0,6,0.00432919173990216,1,1935,0.0837698601671068,3,100.0
GO,mti,0.02,4,2,1,2,1,4,0.09524221827784753,22,1366,0.059136759167063506,3,100.0
OS,mti,0.02,4,1,0,2,0,6,0.0,0,69,0.0029871423005324907,0,0.0
OS,mti,0.05,4,1,1,0,0,4,0.5714533096670852,132,1694,0.0733365080739426,2,90.37037037037037
OS,max_path,0.05,8,2,0,1,2,4,66.50937270011688,15363,46600,2.0174033507944067,13,100.0
GO,mean,0.05,8,2,0,0,2,6,18.386077319364475,4247,17857,0.7730637689943287,2,100.0
GO,mti,0.005,8,1,0,0,1,6,0.030304342179315123,7,325,0.01406987315468202,2,100.0
OS,mean,0.02,6,1,0,0,0,4,26.927572622191438,6220,20096,0.8699943720507382,2,81.58339738662568
GO,mti,0.05,4,2,0,2,0,6,2.684098878739339,620,7921,0.3429152777176501,12,100.0
OS,mti,0.005,8,2,0,1,2,6,8.281743798432833,1913,10853,0.46984717953158145,2,100.0
OS,max_path,0.01,8,2,0,1,1,6,9.307762240789645,2150,20741,0.897917658773107,4,100.0
OS,mti,0.02,8,1,0,1,2,4,28.29559721200052,6536,23446,1.0150222953374606,3,100.0
CA,mean,0.005,4,1,1,2,1,4,0.05195030087882593,12,1559,0.06749209922507468,3,100.0
GO,mean,0.02,4,1,0,0,1,4,0.5541365427074765,128,1214,0.05255638772241222,1,25.78125
OS,mean,0.05,6,2,0,1,2,4,59.04151694878566,13638,38969,1.6870427291224728,3,100.0
GO,mti,0.005,6,2,0,0,1,4,0.025975150439412963,6,402,0.017403350794406684,2,66.66666666666667
CA,mti,0.01,6,1,1,2,2,4,1.0563227845361272,244,6373,0.27589938958396465,10,100.0
