frame_idx,timestamp_s,tap_idx,range_m,magnitude,threshold,range_rate_m_s
43,0.426481,12,1.8,60.185112,56.710854,0.0303
45,0.448309,10,1.5,263.569336,205.352091,0.0181
47,0.464617,10,1.5,242.727707,240.852016,0.0264
51,0.506331,10,1.5,266.103424,226.006541,-0.0176
68,0.674124,11,1.65,93.590584,74.851719,-0.0445
69,0.683991,11,1.65,98.687775,91.807341,0.1658
75,0.743257,10,1.5,94.184097,84.061616,0.004
76,0.753145,10,1.5,101.214737,95.907879,-0.0203
99,0.985742,10,1.5,61.376541,55.955981,-0.1409
489,4.853347,10,1.5,149.551331,130.225885,0.1012
493,4.894573,10,1.5,165.608795,160.548428,0.096
535,5.303042,10,1.5,79.720146,74.098587,-0.1697
536,5.313009,10,1.5,79.007309,75.418168,-0.0246
538,5.333477,10,1.5,86.735733,71.882029,0.0237
545,5.403286,10,1.5,51.239731,45.195819,0.0078
584,5.793862,10,1.5,201.79689,201.278855,0.0114
611,6.065102,11,1.65,54.769432,54.155028,0.21
629,6.232428,11,1.65,171.833771,123.665743,0.8724
633,6.272826,10,1.5,773.826172,646.771708,0.1512
634,6.282791,10,1.5,1016.814575,232.982601,0.1065
635,6.292756,10,1.5,1255.814697,236.098688,0.3348
636,6.302721,11,1.65,182.996506,163.719071,-0.5531
638,6.322217,12,1.8,295.988495,260.216277,0.3156
639,6.33234,10,1.5,880.180298,770.112274,0.4354
639,6.33234,12,1.8,344.3797,182.829182,0.2742
640,6.342463,12,1.8,165.43222,155.875201,0.2056
643,6.372714,12,1.8,323.38385,203.487242,-1.0587
644,6.382718,12,1.8,521.323608,176.32805,0.5253
645,6.392722,10,1.5,1042.243896,702.089827,0.3878
645,6.392722,12,1.8,472.591309,258.303925,0.7321
646,6.402726,10,1.5,1083.838135,567.292251,0.4726
646,6.402726,12,1.8,474.130096,263.294979,-0.5684
647,6.412435,10,1.5,475.341217,437.084975,0.93
648,6.422144,10,1.5,911.049988,755.377503,-1.0682
648,6.422144,12,1.8,444.447388,315.850286,0.7908
649,6.432301,11,1.65,361.887451,256.649464,0.5206
650,6.442458,11,1.65,324.416351,226.896854,-1.0763
651,6.452615,11,1.65,297.291046,241.018726,-0.4666
652,6.462773,11,1.65,402.364136,316.502138,-0.1233
653,6.472878,11,1.65,353.829132,249.911794,1.0398
654,6.482982,10,1.5,869.983887,754.057696,0.1844
654,6.482982,12,1.8,349.890167,195.779347,-0.1219
655,6.493087,12,1.8,318.280151,212.543124,-0.0297
656,6.503192,11,1.65,293.951996,203.163441,0.3301
661,6.553206,12,1.8,220.503189,191.017528,0.3956
664,6.584681,11,1.65,354.017029,306.281996,0.3419
665,6.595288,11,1.65,446.284943,320.69033,0.2103
666,6.605894,11,1.65,389.138947,347.059367,0.6532
667,6.614945,11,1.65,243.427704,197.621751,-0.3695
670,6.644549,11,1.65,289.672272,268.077307,0.2582
671,6.654826,11,1.65,359.484894,251.948792,0.1192
677,6.715087,11,1.65,367.765625,283.689804,0.2771
678,6.72367,11,1.65,456.326691,267.172814,0.4158
679,6.733949,10,1.5,1362.054443,275.057429,0.4167
680,6.744228,10,1.5,1375.770386,264.908351,0.3374
681,6.754507,10,1.5,1039.52832,231.066093,0.3352
684,6.78436,12,1.8,285.817719,255.654122,0.1826
685,6.794147,12,1.8,348.075531,251.186687,-0.0077
686,6.803935,12,1.8,317.658508,233.25612,0.1953
691,6.854526,11,1.65,268.051758,251.344751,0.0185
692,6.864864,11,1.65,306.718353,211.537569,0.0384
693,6.874467,10,1.5,736.360168,223.115188,0.2337
694,6.884069,10,1.5,863.16095,167.815571,0.1482
695,6.893672,10,1.5,777.637512,119.018357,0.0877
696,6.903274,10,1.5,578.132996,569.119384,0.0235
696,6.903274,12,1.8,225.624435,195.692893,-0.1102
697,6.912696,12,1.8,487.792938,168.020461,0.0676
698,6.922119,13,1.95,199.354782,186.961131,0.4397
699,6.932308,10,1.5,579.117798,499.712432,0.0811
700,6.942498,10,1.5,660.30957,483.907241,0.1242
700,6.942498,13,1.95,257.874237,206.651638,0.331
701,6.952687,10,1.5,771.251404,546.080052,0.1188
701,6.952687,13,1.95,302.3992,244.68907,-0.0607
702,6.962877,10,1.5,793.527405,486.018866,0.0605
702,6.962877,13,1.95,318.875519,189.970111,0.3989
703,6.973293,10,1.5,770.139954,557.074436,0.0306
703,6.973293,13,1.95,289.57077,242.391332,0.104
704,6.98371,10,1.5,856.158325,680.053936,0.0026
704,6.98371,12,1.8,251.279343,235.51961,-0.0205
705,6.994126,10,1.5,939.608459,614.209997,0.0405
705,6.994126,12,1.8,268.7677,212.567208,-0.024
706,7.004543,10,1.5,1015.476929,243.211342,0.0912
707,7.008482,10,1.5,971.249939,274.864783,0.1303
708,7.01242,10,1.5,835.648071,660.307899,0.1424
708,7.01242,12,1.8,223.289185,201.1634,-0.0244
709,7.025733,10,1.5,671.737061,562.024804,0.1065
711,7.052359,11,1.65,158.46312,124.915164,0.025
712,7.065672,10,1.5,438.558441,292.572065,-0.0637
713,7.075391,10,1.5,595.490234,457.118687,0.049
713,7.075391,12,1.8,201.131882,133.638778,0.098
714,7.08511,10,1.5,695.371521,497.756283,0.0939
714,7.08511,12,1.8,247.319656,171.89927,0.2064
715,7.094829,10,1.5,731.153503,607.375018,0.0964
715,7.094829,12,1.8,261.120087,164.558533,0.2545
716,7.104548,10,1.5,743.847717,514.424212,0.066
716,7.104548,13,1.95,299.876404,212.974541,0.4739
717,7.108719,10,1.5,726.142334,517.660408,0.0396
717,7.108719,13,1.95,306.63446,234.340244,-0.1495
718,7.11289,13,1.95,282.204468,237.733911,-0.0614
720,7.138597,13,1.95,254.464233,218.309655,0.0816
721,7.15145,13,1.95,243.424118,220.308413,0.1292
722,7.164303,13,1.95,224.896759,174.313746,0.0573
723,7.172072,13,1.95,203.212509,150.249978,0.2334
730,7.233478,11,1.65,183.341721,162.735641,0.068
732,7.253267,11,1.65,248.854996,245.827418,0.0312
733,7.26324,11,1.65,260.633575,237.507728,-0.0451
734,7.273213,10,1.5,779.109924,222.046811,0.0888
735,7.283185,10,1.5,756.726868,154.798167,0.1544
736,7.293158,10,1.5,658.719055,156.877727,0.1784
737,7.302668,10,1.5,600.626953,500.900989,0.187
738,7.312177,10,1.5,569.060059,351.209628,0.255
739,7.322324,10,1.5,655.233398,429.598691,0.2114
740,7.332471,10,1.5,714.727478,529.525416,0.1748
740,7.332471,12,1.8,205.060028,198.955049,0.2156
741,7.342619,10,1.5,717.325745,644.227717,0.1701
742,7.352766,10,1.5,780.447388,718.754906,0.1542
742,7.352766,12,1.8,256.699829,186.045071,0.0777
743,7.363093,10,1.5,729.569885,565.126332,0.1041
743,7.363093,12,1.8,256.158691,173.361311,0.1288
744,7.373421,10,1.5,635.567871,576.381694,0.1151
744,7.373421,12,1.8,234.026749,149.765121,0.2351
745,7.383749,10,1.5,468.870239,425.978628,0.1717
745,7.383749,12,1.8,185.660217,183.73719,0.187
747,7.403465,10,1.5,234.550156,206.592141,0.3774
750,7.433319,12,1.8,207.386383,182.28256,0.0955
751,7.443551,10,1.5,617.334778,548.627844,0.1522
751,7.443551,12,1.8,230.197067,204.119,0.1346
752,7.453783,10,1.5,597.287292,579.996722,0.1407
752,7.453783,12,1.8,232.803421,201.075996,0.1915
753,7.463943,10,1.5,648.270813,587.99475,0.14
753,7.463943,12,1.8,205.192963,193.808448,0.2291
755,7.484264,10,1.5,472.810333,440.958226,0.0986
757,7.503788,10,1.5,417.75705,372.408859,-0.0213
758,7.513151,10,1.5,454.874542,301.647637,0.0226
758,7.513151,12,1.8,152.48848,86.283999,0.1557
759,7.52369,10,1.5,516.389954,263.973551,0.1179
759,7.52369,12,1.8,148.543015,111.943242,0.2536
760,7.53423,12,1.8,117.390434,97.946035,0.0125
761,7.54477,12,1.8,87.018372,86.845572,0.0026
762,7.555309,10,1.5,481.052795,361.14649,-0.0441
763,7.565243,10,1.5,653.373413,362.427131,0.0508
763,7.565243,12,1.8,166.340683,151.051652,0.2556
764,7.575178,10,1.5,812.919312,514.094402,0.1643
764,7.575178,12,1.8,201.334869,169.592731,0.3033
765,7.585112,10,1.5,811.82135,627.510671,0.1966
774,7.673382,10,1.5,322.690399,309.885243,0.283
788,7.812201,10,1.5,527.081726,429.662629,0.3794
788,7.812201,12,1.8,166.408417,144.133604,-0.0482
790,7.832531,10,1.5,494.285309,458.954798,0.4595
792,7.852861,11,1.65,615.375732,355.698344,0.3878
793,7.862984,11,1.65,692.925781,551.578836,0.362
794,7.873108,11,1.65,631.024475,542.061871,0.3855
797,7.90314,10,1.5,449.280487,325.622671,0.5627
798,7.912925,12,1.8,143.120483,132.483164,0.5923
810,8.027941,12,1.8,589.178406,191.988049,-0.614
825,8.177015,13,1.95,119.987358,116.685277,0.7532
882,8.751633,13,1.95,373.753418,343.83583,0.4124
882,8.751633,15,2.25,102.881615,88.718491,0.3535
883,8.764029,13,1.95,367.579407,304.993493,0.5178
883,8.764029,15,2.25,110.523369,95.528483,-0.8594
904,8.965047,15,2.25,426.281586,385.094614,0.5364
911,9.034393,17,2.55,116.224205,99.106507,0.4757
926,9.174094,16,2.4,389.937958,321.387024,0.6888
926,9.174094,18,2.7,104.83593,86.187111,0.5126
927,9.183928,18,2.7,104.873108,91.580849,0.7495
928,9.193761,17,2.55,436.459381,331.205249,0.7224
933,9.242907,19,2.85,87.337532,80.866801,0.2763
936,9.272938,15,2.25,311.761017,307.777633,0.4766
988,9.794427,17,2.55,270.242371,235.966275,0.9545
989,9.80497,17,2.55,258.064514,251.590885,0.9088
991,9.826056,20,3.0,108.178932,102.359181,0.9558
997,9.882247,20,3.0,106.651535,101.508876,-1.1179
999,9.898727,20,3.0,94.796196,87.402532,0.739
1003,9.945257,18,2.7,305.789337,298.131913,0.4972
1008,9.982411,18,2.7,394.857605,374.759634,0.4
1008,9.982411,20,3.0,104.322845,82.273697,0.144
1009,9.992561,18,2.7,502.970551,490.273751,0.4541
1009,9.992561,20,3.0,136.086639,73.234963,0.1424
1010,10.002711,19,2.85,503.699036,363.338108,0.4693
1010,10.002711,21,3.15,129.106659,114.390554,0.1527
1011,10.012861,20,3.0,434.376465,97.842498,0.4767
1018,10.083343,21,3.15,102.089241,92.292091,0.3447
1025,10.160923,18,2.7,523.329407,416.556336,0.5604
1026,10.173544,18,2.7,564.426331,404.147425,0.5737
1026,10.173544,20,3.0,150.390976,105.460613,0.3151
1027,10.180847,18,2.7,537.147522,441.665917,0.6064
1027,10.180847,20,3.0,149.477325,124.998756,0.2097
1028,10.18815,18,2.7,497.641998,341.125722,0.6688
1031,10.214826,19,2.85,573.37561,421.300781,0.7411
1032,10.223719,19,2.85,713.59198,672.278505,0.6803
1033,10.23367,21,3.15,156.207367,144.987459,0.4987
1035,10.253572,19,2.85,674.766602,548.822603,0.6557
1051,10.413761,20,3.0,513.963989,457.445219,0.6097
1053,10.436063,20,3.0,640.288757,514.708513,0.6495
1054,10.44822,20,3.0,733.773132,593.234645,0.6249
1055,10.460378,20,3.0,834.969543,569.121379,0.6256
1055,10.460378,22,3.3,249.876373,180.717486,0.4589
1056,10.472535,20,3.0,819.91748,669.61723,0.5662
1056,10.472535,22,3.3,247.503586,190.640394,-0.2999
1057,10.478514,22,3.3,201.962494,156.867229,0.301
1067,10.579411,20,3.0,529.581055,526.681637,0.5271
1067,10.579411,22,3.3,159.488419,120.195123,0.4917
1068,10.583829,22,3.3,209.74791,194.453448,0.513
1069,10.594182,20,3.0,712.787476,667.566931,0.574
1071,10.614887,20,3.0,674.711975,558.775735,0.71
1072,10.62524,20,3.0,853.052734,732.211577,0.642
1072,10.62524,22,3.3,271.608826,254.814469,0.5077
1073,10.634923,20,3.0,975.219177,762.87476,0.6066
1073,10.634923,22,3.3,311.286346,289.814598,0.6385
1074,10.644606,20,3.0,931.805115,904.896122,0.6153
1074,10.644606,22,3.3,316.218445,286.77195,0.5768
1076,10.663972,22,3.3,604.815796,198.747226,0.6431
1078,10.683501,21,3.15,664.485901,582.034575,0.7371
1081,10.721504,22,3.3,586.80188,448.677842,0.772
1096,10.874877,25,3.75,164.971939,155.180062,1.1179
1104,10.94564,22,3.3,310.19696,260.445975,0.9826
1129,11.196415,25,3.75,180.749817,135.356798,0.3247
1135,11.266578,23,3.45,504.612122,466.969451,0.3631
1138,11.289371,23,3.45,497.855896,439.962101,0.4273
1138,11.289371,25,3.75,220.783661,199.17964,0.178
1142,11.325292,23,3.45,496.223022,481.493502,0.5877
1144,11.340109,23,3.45,509.842316,424.94032,0.5996
1181,11.703254,31,4.65,284.592865,271.868783,-0.052
1207,11.953164,27,4.05,215.411407,215.362273,0.0935
1268,12.56238,26,3.9,170.24794,109.626039,-0.9213
1269,12.572575,26,3.9,181.897858,175.393464,-0.674
1281,12.692029,25,3.75,193.629471,148.430362,-0.94
1282,12.704927,22,3.3,445.267914,408.234104,-0.6725
1282,12.704927,24,3.6,215.496124,152.560756,-0.6445
1283,12.714642,22,3.3,463.300812,390.977312,-0.6448
1283,12.714642,25,3.75,264.965271,199.497586,-0.7899
1286,12.743788,22,3.3,555.725281,371.299132,-0.5926
1286,12.743788,24,3.6,249.76799,177.696345,-0.3894
1287,12.74818,22,3.3,577.218201,401.751926,-0.5051
1290,12.778118,25,3.75,170.32988,164.945156,-0.7346
1293,12.811558,22,3.3,541.687622,467.73709,1.041
1303,12.912474,22,3.3,482.550964,480.553286,-1.0348
1303,12.912474,24,3.6,282.984833,155.111718,-0.9547
1304,12.919538,24,3.6,283.407257,256.088294,-0.5202
1305,12.926602,22,3.3,551.34491,474.178891,-0.7675
1317,13.043122,23,3.45,318.014374,311.319388,-0.5383
1320,13.072651,23,3.45,312.270508,275.051088,-1.017
1325,13.123056,21,3.15,500.664215,487.38855,-0.9432
1325,13.123056,23,3.45,248.227234,219.405488,1.09
1326,13.133098,23,3.45,240.928955,233.231181,-0.7775
1328,13.15244,23,3.45,236.064713,234.519922,1.0963
1357,13.442926,19,2.85,695.05072,600.730144,-0.9491
1357,13.442926,21,3.15,367.822998,313.344107,-1.1206
1360,13.473922,20,3.0,401.629272,252.38085,0.4414
1370,13.574653,21,3.15,258.007263,204.206642,-0.6544
1373,13.605416,20,3.0,268.063934,219.423705,-0.9437
1374,13.615331,18,2.7,607.726807,577.204008,-0.507
1374,13.615331,20,3.0,374.368408,352.368806,-0.7935
1375,13.625246,20,3.0,503.491882,455.497003,-0.7688
1376,13.635161,18,2.7,860.732239,644.506746,-0.8941
1376,13.635161,20,3.0,519.674683,363.008703,-0.5681
1377,13.642686,20,3.0,570.089966,387.448762,0.2569
1378,13.650212,20,3.0,478.215118,214.119396,0.303
1379,13.661448,20,3.0,359.692871,269.780577,-0.3118
1380,13.672685,20,3.0,351.697845,220.339955,-0.4936
1381,13.683922,20,3.0,303.430267,173.51852,-0.8705
1388,13.752546,19,2.85,297.575989,283.945438,-0.5822
1395,13.813504,19,2.85,257.442871,238.399467,-0.0151
1396,13.823305,19,2.85,338.124817,169.288657,-0.6535
1397,13.8331,17,2.55,576.462463,432.557521,-1.0334
1397,13.8331,19,2.85,345.969208,189.260521,1.1363
1400,13.863402,19,2.85,232.238785,223.703743,1.1245
1401,13.873655,19,2.85,395.218781,315.129224,-0.8404
1402,13.883909,19,2.85,464.299774,444.933465,0.1651
1403,13.894073,18,2.7,538.758728,499.338255,0.6057
1404,13.904236,17,2.55,910.06781,843.169881,-1.0982
1404,13.904236,19,2.85,495.770355,277.734736,-0.5091
1407,13.933688,16,2.4,960.175415,790.667277,-1.1279
1408,13.942812,18,2.7,419.189301,310.256902,-0.9037
1409,13.953409,18,2.7,366.050354,330.590615,-0.4836
1410,13.964005,19,2.85,307.071228,229.310974,-0.7542
1411,13.974602,17,2.55,864.513,583.604767,-0.8637
1411,13.974602,19,2.85,404.488373,337.003535,-0.9702
1412,13.985199,17,2.55,875.462646,771.329001,-0.8319
1412,13.985199,20,3.0,366.073975,325.096036,-0.9501
1413,13.994917,17,2.55,704.086731,584.417676,-0.5549
1416,14.024069,15,2.25,1478.666992,1281.339859,-0.5908
1416,14.024069,17,2.55,682.448425,348.741712,-0.9422
1417,14.033341,15,2.25,1301.432007,1188.73734,-0.7216
1417,14.033341,18,2.7,718.080261,436.664389,-0.2517
1418,14.042613,15,2.25,1328.002075,1156.546765,-0.9204
1418,14.042613,18,2.7,761.408691,372.505336,-0.2225
1419,14.05277,19,2.85,249.112823,228.989644,-0.344
1421,14.073085,15,2.25,797.066833,677.438501,1.0492
1421,14.073085,17,2.55,389.730774,239.481405,-0.352
1422,14.083242,15,2.25,1541.924316,1301.915146,-0.4518
1422,14.083242,17,2.55,743.152283,494.149947,-0.3269
1423,14.09359,16,2.4,1012.64502,894.877009,-0.6564
1423,14.09359,18,2.7,610.391968,347.739245,-0.324
1424,14.103938,15,2.25,1095.877319,863.307386,-0.6785
1424,14.103938,17,2.55,587.831909,570.911602,-0.4447
1431,14.172618,15,2.25,704.664673,568.011628,-0.2816
1433,14.192716,17,2.55,560.913391,343.763009,-0.551
1434,14.202715,17,2.55,630.165588,415.080341,-0.4595
1435,14.212714,15,2.25,919.577148,702.291807,-0.6196
1441,14.272598,14,2.1,1261.045654,718.087117,-0.8642
1441,14.272598,16,2.4,657.927002,561.681932,-0.1047
1442,14.282721,14,2.1,1484.987793,1037.854689,-0.7964
1442,14.282721,16,2.4,763.203308,653.048439,-0.487
1443,14.292734,14,2.1,1055.588013,635.407945,-0.9183
1443,14.292734,16,2.4,687.50824,469.380436,-0.69
1444,14.302748,14,2.1,1110.635986,1032.265746,-0.8992
1444,14.302748,16,2.4,655.897949,377.580588,-0.6356
1445,14.312761,16,2.4,543.520142,315.391579,0.777
1446,14.322774,16,2.4,353.708771,232.223679,-0.6965
1449,14.352443,14,2.1,962.128418,866.256145,-0.873
1449,14.352443,16,2.4,526.030762,508.443231,0.833
1450,14.36255,16,2.4,734.670105,541.783555,-0.6986
1451,14.372656,16,2.4,677.939026,658.365003,-0.9185
1452,14.382762,14,2.1,1196.589111,1175.51761,-1.0227
1452,14.382762,16,2.4,733.334717,540.89488,-0.8711
1453,14.392813,14,2.1,1206.153076,1040.524134,-0.9657
1453,14.392813,16,2.4,703.538757,573.309713,0.8856
1454,14.402864,16,2.4,588.676331,585.816527,-0.7748
1457,14.428045,13,1.95,1024.459839,936.368745,-1.0739
1457,14.428045,15,2.25,630.515686,622.150784,-0.5954
1458,14.433125,15,2.25,570.464172,398.407234,-0.8804
1459,14.446041,15,2.25,566.84729,428.573209,-1.0347
1461,14.471872,12,1.8,760.387512,747.241908,-0.9286
1467,14.52882,15,2.25,434.434601,215.998544,-0.2377
1468,14.533776,13,1.95,749.766052,688.876083,-0.9719
1468,14.533776,15,2.25,501.128601,394.355707,0.1824
1469,14.546274,15,2.25,538.751526,450.971211,-0.3407
1470,14.558773,13,1.95,1015.181519,677.900842,-0.8845
1470,14.558773,15,2.25,536.975037,514.93491,0.6577
1472,14.583771,12,1.8,1657.826172,1645.199829,-0.6428
1472,14.583771,14,2.1,722.51416,529.694002,1.1079
1473,14.591618,12,1.8,1600.480835,1323.312794,-0.6494
1473,14.591618,14,2.1,655.785583,445.649659,-0.4748
1474,14.599465,15,2.25,707.36145,427.425741,-0.3514
1475,14.607313,15,2.25,807.297363,533.583879,0.0133
1476,14.61516,12,1.8,1406.3573,1302.939867,-0.6683
1476,14.61516,15,2.25,689.044556,331.378419,0.305
1477,14.623937,15,2.25,417.375458,350.67316,-0.2913
1480,14.652803,12,1.8,1346.673096,1235.149945,-0.5304
1480,14.652803,14,2.1,598.355164,540.423893,-0.5375
1481,14.662848,12,1.8,1215.34436,1107.896796,-0.5193
1481,14.662848,14,2.1,509.57016,280.698269,0.4086
1485,14.703446,12,1.8,1707.457153,1455.3425,-0.3459
1485,14.703446,14,2.1,875.887695,569.003525,-0.3649
1486,14.71363,12,1.8,1865.808594,1381.545043,-0.3609
1486,14.71363,14,2.1,889.166321,531.393638,-0.4175
1487,14.723413,12,1.8,1736.19104,1572.600287,-0.3751
1487,14.723413,14,2.1,718.21875,546.43746,-0.6055
1488,14.733196,12,1.8,1463.169922,1076.659974,-0.3963
1489,14.743479,11,1.65,1363.327271,970.103243,-0.3402
1490,14.753762,11,1.65,1227.834961,824.038477,-0.347
1491,14.764045,11,1.65,1189.613403,1169.652298,-0.3264
1493,14.784197,14,2.1,524.69812,401.054543,-1.0797
1494,14.794066,13,1.95,635.950623,525.772726,-0.8199
1497,14.823282,11,1.65,1594.004028,1363.971053,-0.6488
1498,14.83276,11,1.65,2120.422119,1492.295001,-0.5434
1498,14.83276,14,2.1,643.786316,493.057297,-0.4286
1499,14.843188,11,1.65,1943.675171,797.53242,-0.4502
1500,14.853616,12,1.8,1128.573486,853.666202,-0.7524
1501,14.864044,12,1.8,2071.652832,1116.681511,-0.76
1501,14.864044,14,2.1,489.366943,397.060494,-0.1894
1502,14.874472,12,1.8,2672.092773,1510.14327,-0.4816
1502,14.874472,14,2.1,758.141296,473.854687,-0.2486
1503,14.884112,12,1.8,2370.599365,680.37643,-0.5296
1504,14.893751,11,1.65,2751.410156,2543.898596,-0.6407
1504,14.893751,13,1.95,932.886414,763.826613,-0.6312
1505,14.903391,11,1.65,2634.994141,1795.242066,-0.6408
1505,14.903391,13,1.95,1041.880981,747.46517,-0.3873
1513,14.982804,13,1.95,725.797729,667.888095,0.4602
1523,15.083649,11,1.65,1949.521606,1721.25042,0.1606
1523,15.083649,13,1.95,947.118591,706.902581,0.7213
1524,15.093393,13,1.95,776.876282,766.661034,-1.0089
1526,15.11288,13,1.95,843.757141,754.14548,0.221
1527,15.122484,11,1.65,1196.2052,1179.646614,0.0198
1527,15.122484,13,1.95,681.459656,662.518043,0.2667
1530,15.153144,13,1.95,453.547882,428.952136,0.0162
1534,15.193879,13,1.95,544.648071,430.342484,0.828
1535,15.203718,13,1.95,527.054199,397.053036,0.5913
1536,15.213558,10,1.5,776.362488,723.512747,0.0148
1536,15.213558,13,1.95,488.872559,332.791045,0.336
1537,15.222871,11,1.65,1030.814697,783.200849,0.0532
1537,15.222871,13,1.95,576.237366,352.002063,0.3232
1538,15.232183,11,1.65,1340.349609,880.657829,-0.0001
1538,15.232183,13,1.95,693.89325,386.661196,-0.2416
1539,15.242398,11,1.65,1552.072021,992.104458,-0.0972
1539,15.242398,13,1.95,762.654968,402.217117,-0.3952
1540,15.252612,11,1.65,1617.374023,765.889785,-0.1452
1540,15.252612,13,1.95,773.498047,485.637801,-0.454
1541,15.262827,11,1.65,1606.411011,985.464286,-0.1943
1541,15.262827,13,1.95,788.764465,401.28512,-0.1813
1542,15.273041,11,1.65,1746.852051,768.660268,-0.1913
1542,15.273041,13,1.95,883.845825,348.303526,-0.1121
1543,15.300958,11,1.65,1970.105347,791.098694,-0.1828
1543,15.300958,13,1.95,995.487061,477.695447,-0.1161
1544,15.328874,11,1.65,2196.318604,1338.229024,-0.1787
1544,15.328874,13,1.95,1103.140869,600.030957,-0.0426
1545,15.356791,11,1.65,2448.195068,1401.905524,-0.1663
1545,15.356791,13,1.95,1202.338257,727.194326,-0.2002
1546,15.384707,11,1.65,2732.656982,1912.81223,-0.148
1546,15.384707,13,1.95,1322.444458,743.745161,-0.2148
1547,15.387275,11,1.65,2852.319336,1692.577208,-0.14
1547,15.387275,13,1.95,1443.299927,646.415915,-0.2377
1548,15.389844,11,1.65,2623.442871,1537.578474,-0.1202
1548,15.389844,13,1.95,1432.520264,576.540922,-0.0985
1549,15.390807,11,1.65,2179.408447,1677.090663,-0.142
1549,15.390807,13,1.95,1265.649414,565.802006,-0.0847
1550,15.391771,10,1.5,1887.63855,1718.869789,-0.1807
1550,15.391771,13,1.95,1011.492493,521.095592,-0.2016
1551,15.392734,10,1.5,2001.165771,1707.199588,-0.1714
1551,15.392734,13,1.95,930.688416,497.89708,-0.2953
1552,15.393698,11,1.65,2182.070068,1429.719132,-0.1116
1552,15.393698,13,1.95,1009.839722,460.291943,-0.0379
1553,15.3972,10,1.5,2171.202148,1631.113465,-0.0947
1553,15.3972,13,1.95,1033.546143,650.920853,-0.0901
1554,15.400702,10,1.5,1910.568481,1479.034704,-0.1297
1554,15.400702,13,1.95,902.271362,673.12343,-0.1009
1555,15.404205,10,1.5,1813.484863,1216.428107,-0.1585
1555,15.404205,12,1.8,772.916016,516.136768,0.0535
1556,15.407707,10,1.5,2034.310425,1032.213209,-0.1381
1556,15.407707,13,1.95,834.723633,388.191795,-0.0834
1557,15.424969,11,1.65,2292.68335,1423.103377,-0.0845
1557,15.424969,13,1.95,1046.460815,451.214423,-0.1047
1558,15.442231,11,1.65,2330.669189,1707.175837,-0.0756
1558,15.442231,13,1.95,1161.362183,673.279713,-0.1623
1559,15.447577,10,1.5,1982.798584,1548.394487,-0.1141
1559,15.447577,13,1.95,1060.402466,754.786573,-0.0855
1560,15.452923,10,1.5,1794.209595,1694.732487,-0.162
1560,15.452923,13,1.95,862.279907,485.040031,-0.1438
1561,15.458269,10,1.5,1766.789795,1642.880191,-0.1256
1561,15.458269,12,1.8,735.970215,706.994735,-0.2942
1562,15.463615,13,1.95,662.955261,407.113095,-0.1139
1563,15.473565,13,1.95,641.578918,425.885428,0.0641
1564,15.483515,13,1.95,566.547485,551.685573,0.0284
1569,15.535577,13,1.95,292.678436,212.942999,0.0673
1570,15.5483,13,1.95,416.18634,316.320038,0.1992
1571,15.561023,13,1.95,466.535217,413.097068,0.2525
1572,15.573747,13,1.95,474.584534,317.946567,0.2141
1573,15.581491,13,1.95,436.356628,340.236596,0.0956
1574,15.589235,12,1.8,397.911621,314.100131,0.2128
1590,15.742833,11,1.65,1429.259033,1184.758728,0.4096
1591,15.75292,11,1.65,1731.02002,1283.390063,0.4097
1591,15.75292,13,1.95,704.30603,552.767346,0.3461
1592,15.763007,11,1.65,1951.98584,1279.837358,0.4045
1592,15.763007,13,1.95,817.194702,436.369447,0.5876
1593,15.772978,11,1.65,2142.64624,1793.397833,0.4052
1593,15.772978,13,1.95,896.859009,594.439068,0.4672
1594,15.782949,11,1.65,2396.625244,1518.592238,0.3988
1594,15.782949,13,1.95,1054.290771,679.083985,0.4747
1595,15.79292,11,1.65,2437.578125,1743.811782,0.3901
1595,15.79292,13,1.95,1182.217285,684.572602,0.4729
1596,15.802891,11,1.65,2347.82373,1764.634556,0.4197
1596,15.802891,13,1.95,1203.074341,852.522059,0.5286
1597,15.812604,11,1.65,2146.913086,1152.258532,0.4462
1597,15.812604,13,1.95,1190.713379,736.177886,0.5435
1598,15.822318,11,1.65,1738.39917,1159.733606,0.5218
1598,15.822318,13,1.95,1066.363647,837.691904,0.508
1599,15.833079,11,1.65,1522.19458,1053.779206,0.5807
1599,15.833079,13,1.95,966.564392,850.694832,0.5508
1600,15.843841,11,1.65,1220.17334,1210.997822,0.6783
1600,15.843841,13,1.95,783.670898,725.771581,0.4633
1601,15.854602,11,1.65,1346.266724,1255.49665,0.7064
1601,15.854602,13,1.95,661.467407,586.238966,0.6849
1602,15.865364,11,1.65,1618.583618,1188.782847,0.6611
1603,15.875145,11,1.65,1563.411499,1149.724279,0.6185
1603,15.875145,13,1.95,751.601257,653.670768,0.7735
1604,15.884927,11,1.65,1419.472046,867.553246,0.6538
1604,15.884927,13,1.95,713.197937,598.636713,0.5293
1605,15.894709,13,1.95,612.518494,568.374594,0.8708
1613,15.974696,12,1.8,1088.724854,712.976333,0.82
1613,15.974696,14,2.1,459.786652,346.354811,0.9095
1615,15.993388,12,1.8,975.530945,816.620122,0.9857
1616,16.002734,14,2.1,462.604401,436.905606,0.6657
1617,16.012711,12,1.8,758.314148,729.810853,0.801
1621,16.05296,12,1.8,1581.773682,1521.405805,0.9078
1621,16.05296,14,2.1,730.986633,548.90027,0.7009
1621,16.05296,31,4.65,263.356659,260.071774,-0.1079
1622,16.063051,12,1.8,2183.662109,1193.272774,1.1219
1622,16.063051,14,2.1,1098.80835,529.095235,0.8936
1623,16.073022,12,1.8,2377.452393,1524.074965,-1.0813
1623,16.073022,14,2.1,1271.606567,696.690466,-1.0184
1624,16.082994,12,1.8,1899.780884,1332.613575,-1.0669
1624,16.082994,14,2.1,1105.994141,694.858013,1.0534
1625,16.092965,14,2.1,961.36261,545.055473,-0.9351
1627,16.11265,15,2.25,426.644501,336.292044,0.6885
1628,16.122363,31,4.65,283.126556,256.061526,-0.029
1631,16.15274,13,1.95,1229.27063,1127.161302,1.0232
1631,16.15274,15,2.25,522.021606,311.548991,-0.3536
1633,16.173281,13,1.95,530.935242,501.125058,1.1132
1636,16.204531,13,1.95,1027.896973,998.298011,0.837
1636,16.204531,15,2.25,521.980103,427.594945,0.6708
1637,16.208936,15,2.25,478.424469,448.656324,0.6787
1638,16.213341,13,1.95,1289.602661,1185.314506,0.6815
1638,16.213341,16,2.4,637.326721,419.421823,0.6915
1639,16.225667,13,1.95,1167.697632,777.181012,0.6853
1639,16.225667,16,2.4,596.648621,478.89892,0.8894
1640,16.237993,14,2.1,1395.322754,1095.160641,0.4334
1644,16.282663,16,2.4,460.071106,378.161828,0.5362
1645,16.292672,16,2.4,684.944824,533.146477,0.6276
1646,16.302681,14,2.1,1935.141113,1529.340132,0.3993
1646,16.302681,16,2.4,920.848389,596.159368,0.7705
1647,16.307502,14,2.1,2023.142456,1598.412809,0.4549
1647,16.307502,16,2.4,1100.590576,743.392646,0.4236
1653,16.371782,16,2.4,306.973083,263.378797,0.4208
1658,16.412883,18,2.7,238.004974,201.870117,-0.9805
1660,16.433299,17,2.55,242.056702,199.581689,-0.0373
1661,16.443507,17,2.55,286.331818,203.516883,0.3758
1662,16.453715,16,2.4,291.046478,225.064758,-0.5238
1663,16.463677,16,2.4,278.83252,248.088224,0.5645
1673,16.564811,16,2.4,162.598526,150.221916,0.7942
1677,16.603152,18,2.7,210.810654,198.751572,-0.3219
1678,16.612849,18,2.7,327.344055,276.815992,0.4879
1681,16.64359,16,2.4,618.193542,458.317981,1.0297
1687,16.703111,18,2.7,786.100525,599.007137,1.0577
1688,16.712533,16,2.4,1799.701782,1532.86063,0.9965
1688,16.712533,18,2.7,951.040039,544.132358,0.9089
1707,16.90403,17,2.55,994.364868,924.481743,1.0582
1707,16.90403,20,3.0,585.694336,459.899668,0.9
1710,16.933635,20,3.0,402.062897,290.816566,0.8046
1715,16.985893,20,3.0,477.661713,276.210907,0.0733
1716,16.996365,18,2.7,950.661438,620.4492,-1.099
1716,16.996365,20,3.0,614.41626,361.785492,0.7058
1717,17.00462,18,2.7,1202.772705,1037.310407,0.9302
1717,17.00462,20,3.0,713.201111,519.851124,0.9197
1721,17.122989,20,3.0,443.461243,439.985567,0.8484
1722,17.159693,18,2.7,812.90271,809.027337,0.9874
1722,17.159693,20,3.0,450.205658,371.869897,0.6356
1726,17.194209,20,3.0,381.041779,359.721252,-1.0679
1727,17.203262,20,3.0,507.870148,334.17327,0.9956
1728,17.212315,20,3.0,460.52121,441.993969,-0.4398
1729,17.222533,18,2.7,815.288391,675.668229,-1.1354
1729,17.222533,21,3.15,438.622986,262.334029,1.1362
1730,17.232752,19,2.85,850.85321,601.372282,1.1156
1730,17.232752,21,3.15,484.076691,360.154046,1.145
1731,17.242971,19,2.85,880.961975,628.393075,-1.1336
1731,17.242971,21,3.15,538.604736,400.994073,1.1278
1732,17.25319,19,2.85,764.141174,408.407441,1.1422
1732,17.25319,21,3.15,415.595581,256.90562,-1.0379
1733,17.263296,19,2.85,686.46344,449.123225,-1.026
1733,17.263296,21,3.15,430.905548,280.557377,-1.0024
1734,17.273401,18,2.7,677.067444,500.352574,-1.1445
1734,17.273401,21,3.15,462.271942,232.177721,-1.1013
1735,17.283506,19,2.85,579.93103,434.368408,-1.0179
1735,17.283506,21,3.15,394.061432,256.927305,-1.0625
1736,17.293612,21,3.15,318.336365,236.93169,-1.0665
1739,17.323154,19,2.85,783.303162,707.727412,-1.0141
1739,17.323154,21,3.15,494.431885,393.509166,-1.0728
1741,17.343539,21,3.15,460.330841,383.298453,-0.4425
1744,17.373521,20,3.0,599.19873,567.112692,-0.8575
1745,17.383415,20,3.0,712.078979,590.983126,-0.9872
1745,17.383415,22,3.3,440.654449,235.630243,0.6337
1746,17.39331,20,3.0,910.185303,877.102749,1.0433
1746,17.39331,22,3.3,504.824646,220.447049,0.185
1747,17.403223,20,3.0,1032.883667,872.835988,-0.5965
1747,17.403223,22,3.3,620.260986,469.725066,0.9847
1748,17.413135,22,3.3,380.818329,316.391457,-0.3702
1750,17.433177,22,3.3,504.386292,498.88798,0.9158
1751,17.443197,20,3.0,764.874878,632.962617,-1.1097
1751,17.443197,22,3.3,474.264252,297.869652,-0.6595
1752,17.453218,20,3.0,794.034241,601.63782,1.1032
1752,17.453218,22,3.3,473.10022,397.423364,0.7105
1753,17.463091,20,3.0,971.570374,877.334086,-1.0144
1753,17.463091,22,3.3,570.527954,359.04287,-0.6059
1754,17.472963,22,3.3,535.079834,479.089357,0.746
1755,17.482836,20,3.0,996.903809,857.619733,-1.093
1755,17.482836,23,3.45,591.585205,544.743382,1.0611
1756,17.492708,20,3.0,1119.443359,967.972476,1.0189
1756,17.492708,23,3.45,666.163757,379.21688,-0.868
1757,17.502896,20,3.0,916.181946,772.536132,1.1107
1757,17.502896,23,3.45,602.410278,413.295913,0.8059
1758,17.513084,21,3.15,1284.0896,830.626111,0.9326
1758,17.513084,23,3.45,815.56311,499.96809,1.0912
1759,17.523464,23,3.45,578.763367,380.276825,1.0837
1760,17.533845,21,3.15,1022.681335,910.047282,1.1414
1760,17.533845,23,3.45,634.779907,404.912024,0.8737
1761,17.544225,23,3.45,528.02832,320.280717,1.105
1762,17.554605,23,3.45,467.071228,350.1779,0.7413
1763,17.564372,21,3.15,781.030518,653.489261,0.8983
1763,17.564372,23,3.45,439.585327,305.536992,0.7348
1765,17.583905,23,3.45,366.597626,340.691075,0.8069
1766,17.593672,23,3.45,407.07785,306.348641,-0.8076
1770,17.633136,23,3.45,285.293365,235.777002,1.0201
1772,17.652983,23,3.45,305.515594,214.978525,1.0326
1775,17.683722,23,3.45,392.723877,308.734331,1.0091
1777,17.703593,24,3.6,225.551147,214.695268,1.0489
1787,17.809206,22,3.3,600.860901,547.367415,1.0065
1787,17.809206,24,3.6,286.939758,226.616828,0.959
1788,17.81337,24,3.6,425.981293,260.968739,0.9851
1789,17.82632,24,3.6,341.406189,296.393681,0.7458
1806,18.003384,25,3.75,266.982269,168.224045,-0.5184
1807,18.012914,23,3.45,632.707336,393.1191,-1.0095
1807,18.012914,25,3.75,403.075623,218.349367,0.5118
1809,18.032853,26,3.9,164.696503,139.271305,-0.3304
1812,18.064084,25,3.75,245.145706,243.160942,-0.4544
1813,18.074114,26,3.9,188.029327,178.64498,-1.1018
1828,18.222484,26,3.9,120.6297,116.303441,0.3069
1855,18.503126,27,4.05,177.085236,100.379969,0.4451
1872,18.673241,29,4.35,122.575081,103.696053,-0.033
1886,18.814105,31,4.65,177.676544,146.128028,0.0733
1888,18.83446,31,4.65,140.081284,115.852441,-0.7841
1896,18.926384,27,4.05,350.906769,335.606846,0.1939
1897,18.929869,27,4.05,341.255737,305.475642,0.251
1897,18.929869,29,4.35,164.051926,112.280165,0.1182
1906,19.03631,28,4.2,173.768402,139.02485,0.1555
1907,19.038251,29,4.35,129.000839,112.845123,-0.1214
1910,19.062404,28,4.2,167.659348,155.08558,-0.0612
1922,19.224837,28,4.2,194.934067,146.485388,-0.3046
1926,19.255328,28,4.2,207.799194,166.324447,-0.2221
1927,19.257596,28,4.2,160.003967,103.004762,-0.0046
1928,19.259862,28,4.2,178.468567,133.360533,-0.6151
1929,19.268678,26,3.9,320.073517,298.985626,-0.2145
1929,19.268678,28,4.2,142.987473,77.34369,-0.3505
1946,19.423295,29,4.35,160.27475,124.168687,-0.3465
1952,19.484721,28,4.2,210.551086,184.320128,-0.1661
1957,19.537731,26,3.9,442.595276,295.521062,-0.6862
1970,19.673177,25,3.75,483.848816,431.40288,-0.6688
